# cores, tput
1, 26022.24034
2, 32726.08269
4, 37904.63195
8, 38535.64547
16, 39495.51068
32, 39634.30746
